﻿<?xml version="1.0" encoding="UTF-8"?>
<!--Information about session-->
<Info>
  <Session Guid="439c61cf-e12a-45d4-9490-7a65cc7bac98" Description="Taylor Couette Flow with Square_4 Elements 4x12; run 1 of 65" Name="hp-Study-Square_4-4x4" CreationTime="08/29/2013 22:07:40" />
  <Grids>
    <Grid Guid="1dd02e28-8f63-45e0-866a-a64d4fd40fe7" Description="Quarter-Ring_Square_44x4y cells" />
  </Grids>
  <Tags>
    <Tag Txt="..." />
  </Tags>
  <ComputeNodes>
    <ComputeNode Rank="0" Name="lenovo-pc" />
    <ComputeNode Rank="1" Name="lenovo-pc" />
  </ComputeNodes>
</Info>