﻿<?xml version="1.0" encoding="UTF-8"?>
<!--Information about session-->
<Info>
  <Session Guid="560a243a-d87f-43a7-a767-d66476321378" Description="Taylor Couette Flow with Square_4 Elements 4x12; run 5 of 65" Name="hp-Study-Square_4-4x4" CreationTime="08/30/2013 00:08:08" />
  <Grids>
    <Grid Guid="1dd02e28-8f63-45e0-866a-a64d4fd40fe7" Description="Quarter-Ring_Square_44x4y cells" />
  </Grids>
  <Tags>
    <Tag Txt="..." />
  </Tags>
  <ComputeNodes>
    <ComputeNode Rank="0" Name="lenovo-pc" />
  </ComputeNodes>
</Info>