<?xml version="1.0" encoding="iso-8859-1"?>
<Mesh>
  <BoSSS_DB_PATH>P:\TaylorCouette2D</BoSSS_DB_PATH>
  <savetodb>true</savetodb>

  <MeshDimension>2D</MeshDimension>
  <MeshDescription>Quarter-Ring_Square_4</MeshDescription>

    <!-- GridType must be either 'Cartesian' or 'Ring'-->
  <GridType type='Ring'> </GridType>
  <!-- The Integer specifies the GridType e.g. 4 means Square_4-->
  <GridElement type='Square_4'> </GridElement>
  
  <xPoints X_Start='1'  X_End='2'  Stretched='false'></xPoints>
  <yPoints Y_Start='0' Y_End='0.25'   Stretched='false'></yPoints>
  <zPoints Z_Start='0.0' Z_End='0.0'   Stretched='false'></zPoints>

  <NrOfNodes n_X='9' n_Y= '9' n_Z= '0'></NrOfNodes>

  <xPointsForStretching>
    <xPoint X_Start='-1.0'   X_End='9.0'  Alpha='1.0'  N='21'  Refinement='3'></xPoint>
  </xPointsForStretching>
  <yPointsForStretching>
    <yPoint Y_Start='-1.0'  Y_End='1.0'   Alpha='1.0'  N='10'   Refinement='3'></yPoint>
  </yPointsForStretching>
  <zPointsForStretching>
    <zPoint Z_Start='-1.0'  Z_End='1.0'   Alpha='1.0'  N='10'   Refinement='3'></zPoint>
  </zPointsForStretching>

  <Cut-outs>
    <Cut>
      <P-Min X='0.0'   Y= '0.0'  Z= '0.0'></P-Min>
      <P-Max X='0.0'   Y= '0.0'  Z= '0.0'></P-Max>
    </Cut>
  </Cut-outs>

  <!-- Choose either 'NSE2' or 'CNS' as type -->
  <BoundaryConditions type='NSE2NonLin'>
    <BC Name="velocity_inlet_inner"   Type="Y"  Y='1.0'></BC>
    <BC Name="velocity_inlet_outer"   Type="Y"  Y='-1.0'></BC>
  </BoundaryConditions>

  <!-- Beware: A periodic boundary must _not_ be located at 0 (see bug 9) -->
  <PeriodicBoundaryConditions X='true' Y='false' Z='false'></PeriodicBoundaryConditions>

</Mesh>