﻿<?xml version="1.0" encoding="UTF-8"?>
<!--Information about session-->
<Info>
  <Session Guid="f0fff74c-03f0-47d4-9d65-60090a8b09db" Description="Taylor Couette Flow with Square_4 Elements 4x12; run 2 of 65" Name="hp-Study-Square_4-4x4" CreationTime="08/16/2013 17:15:51" />
  <Grids>
    <Grid Guid="1dd02e28-8f63-45e0-866a-a64d4fd40fe7" Description="Quarter-Ring_Square_44x4y cells" />
  </Grids>
  <Tags>
    <Tag Txt="..." />
  </Tags>
  <ComputeNodes>
    <ComputeNode Rank="0" Name="pcmit06.fdy.maschinenbau.tu-darmstadt.de" />
  </ComputeNodes>
</Info>